{
  "scores": {
    "hopper-medium-v2": {
      "baseline": 9.04,
      "vine": 9.04,
      "mcts": 9.03,
      "vae": 9.03
    }
  },
  "logs": {
    "hopper-medium-v2": {
      "baseline": {
        "final_v_loss": 1.1521281003952026,
        "final_q_loss": 10.392646789550781,
        "final_actor_loss": -32.23094940185547,
        "buffer_size": 1000000,
        "score": 9.04
      },
      "vine": {
        "final_v_loss": 8983929.0,
        "final_q_loss": 5299436.0,
        "final_actor_loss": -32.95305633544922,
        "buffer_size": 1023511,
        "score": 9.04
      },
      "mcts": {
        "final_v_loss": 1.8099623918533325,
        "final_q_loss": 5.94166898727417,
        "final_actor_loss": -14.651060104370117,
        "buffer_size": 1050000,
        "score": 9.03
      },
      "vae": {
        "final_v_loss": 1.6281085014343262,
        "final_q_loss": 11.416312217712402,
        "final_actor_loss": -12.605051040649414,
        "buffer_size": 1050000,
        "score": 9.03
      }
    }
  }
}